username;password
MAMADNAZAROV;$1$rasmusle$0GYWlU.VOlg2Kw0dULQZb1
moi;$1$rasmusle$0GYWlU.VOlg2Kw0dULQZb1
Sylvain;$1$rasmusle$uwzLzKVWDEpvbNytWXBmS/
toi;$1$rasmusle$T5ELR3qJlstkqmLIf.rvA1
lui;$1$rasmusle$waCq/yilqVgKeFplSAEvG.
Daniel;$1$rasmusle$uwzLzKVWDEpvbNytWXBmS/
Daniel;$1$rasmusle$uwzLzKVWDEpvbNytWXBmS/
Daniel;$1$rasmusle$uwzLzKVWDEpvbNytWXBmS/
5050;$1$rasmusle$uwzLzKVWDEpvbNytWXBmS/5050;$1$rasmusle$uwzLzKVWDEpvbNytWXBmS/
§;$1$rasmusle$pA5pwr5rWeZ98HI/PVGid0
MAMADNAZAROV;$1$rasmusle$qDVTWUFZQlKesWa81csEL.
MAMADNAZAROV;$1$rasmusle$qDVTWUFZQlKesWa81csEL.
mamadnazarov;$1$rasmusle$RWiTrDf2BNntcaEjN/CLk.
11;$1$rasmusle$8cJyCKdQMHsXdAfs1jAtt0
amin;$1$rasmusle$xQXwscr/1j8N9FqUEzq/g.
amin;$1$rasmusle$xQXwscr/1j8N9FqUEzq/g.
7;$1$rasmusle$ItZLQlc/S4K/.TflSmItd0
7;$1$rasmusle$ItZLQlc/S4K/.TflSmItd0
4;$1$rasmusle$y2dpW9.aNeS49Dpt2g2Y0.
123456;$1$rasmusle$0GYWlU.VOlg2Kw0dULQZb1
123456;$1$rasmusle$0GYWlU.VOlg2Kw0dULQZb1
amin;$1$rasmusle$xQXwscr/1j8N9FqUEzq/g.
"Dernières news;$1$rasmusle$1ZRrOhSKwk5vWDS5g5ERX0"
"Dernières news;$1$rasmusle$1ZRrOhSKwk5vWDS5g5ERX0"
"Dernières news;$1$rasmusle$1ZRrOhSKwk5vWDS5g5ERX0"
11;$1$rasmusle$extBDZK8rxcuvIIQyAnID0
amin;$1$rasmusle$IJqKtDNNATM1eNeH4yadz.
0000;$1$rasmusle$Ya9Az2YTJvsiYKcJIOLaX1
